Order_ID,Distance_km,Weather,Traffic_Level,Time_of_Day,Vehicle_Type,Preparation_Time_min,Courier_Experience_yrs,Delivery_Time_min,Total_Time,Customer_Satisfaction
1,7.8,Clear,Low,Evening,Scooter,23,5.0,52,75,Medium
2,19.04,Rainy,Low,Evening,Car,12,6.0,60,72,Medium
3,14.77,Clear,High,Morning,Scooter,11,6.0,67,78,Medium
4,12.17,Snowy,Low,Evening,Bike,20,8.0,68,88,Medium
5,3.54,Foggy,Low,Morning,Bike,23,7.0,37,60,Medium
6,3.54,Rainy,Medium,Evening,Bike,10,5.0,32,42,High
7,1.63,Rainy,Medium,Night,Bike,24,5.0,38,62,Medium
8,17.39,Foggy,Medium,Morning,Bike,25,4.0,100,125,Low
9,12.22,Clear,Low,Evening,Scooter,15,0.0,56,71,Medium
10,14.31,Clear,Medium,Morning,Bike,9,8.0,47,56,Medium
11,0.9,Clear,Low,Afternoon,Bike,20,8.0,23,43,High
12,19.41,Windy,Low,Morning,Bike,11,8.0,62,73,Medium
13,16.73,Windy,High,Afternoon,Scooter,9,7.0,71,80,Medium
14,4.64,Clear,Low,Afternoon,Bike,15,9.0,24,39,High
15,4.05,Snowy,Medium,Evening,Scooter,19,2.0,50,69,Medium
16,4.08,Windy,Medium,Afternoon,Bike,7,0.0,33,40,High
17,6.43,Clear,Low,Evening,Car,9,7.0,26,35,High
18,10.73,Rainy,High,Afternoon,Car,27,6.0,83,110,Low
19,8.92,Windy,Medium,Morning,Bike,25,4.0,62,87,Medium
20,6.18,Clear,Medium,Evening,Bike,9,9.0,35,44,High
21,12.43,Rainy,High,Morning,Bike,13,6.0,70,83,Medium
22,3.22,Clear,Medium,Afternoon,Bike,19,9.0,32,51,High
23,6.2,Windy,High,Evening,Scooter,7,3.0,42,49,High
24,7.64,Windy,Low,Afternoon,Car,10,8.0,31,41,High
25,9.39,Windy,Medium,Morning,Scooter,21,9.0,50,71,Medium
26,15.81,Clear,Low,Morning,Car,25,1.0,92,117,Low
27,4.39,Foggy,Medium,Night,Bike,12,8.0,38,50,High
28,10.53,Foggy,High,Evening,Bike,25,8.0,72,97,Low
29,12.05,Clear,Low,Evening,Scooter,29,4.0,61,90,Low
30,1.41,Foggy,Medium,Evening,Bike,15,0.0,72,87,Medium
31,12.35,Clear,Low,Morning,Scooter,10,6.0,35,45,High
32,3.83,Rainy,Medium,Afternoon,Bike,12,9.0,30,42,High
33,1.77,Clear,Medium,Evening,Bike,14,9.0,22,36,High
34,19.0,Clear,High,Morning,Car,28,3.0,96,124,Low
35,19.33,Clear,Medium,Morning,Bike,7,8.0,73,80,Medium
36,16.26,Rainy,Low,Morning,Car,27,5.0,66,93,Low
37,6.44,Clear,Low,Afternoon,Car,18,2.0,43,61,Medium
38,2.4,Snowy,Low,Night,Scooter,27,5.0,42,69,Medium
39,13.84,Clear,Low,Morning,Scooter,18,5.0,64,82,Medium
40,9.08,Clear,Low,Afternoon,Scooter,14,5.0,49,63,Medium
41,2.88,Rainy,Medium,Morning,Car,16,4.0,41,57,Medium
42,10.16,Snowy,Medium,Night,Bike,10,1.0,67,77,Medium
43,1.17,Clear,Medium,Morning,Bike,16,9.0,25,41,High
44,18.23,Rainy,Low,Afternoon,Scooter,27,9.0,86,113,Low
45,5.55,Foggy,High,Evening,Bike,18,1.0,116,134,Low
46,13.42,Rainy,Medium,Evening,Bike,6,6.0,105,111,Low
47,6.58,Clear,Low,Afternoon,Bike,13,1.0,34,47,High
48,10.64,Clear,Medium,Afternoon,Scooter,14,5.0,45,59,Medium
49,11.16,Foggy,Medium,Afternoon,Car,21,4.0,77,98,Low
50,4.1,Clear,Low,Morning,Bike,21,3.0,37,58,Medium
51,19.41,Foggy,Medium,Morning,Car,7,6.0,66,73,Medium
52,15.62,Rainy,Medium,Afternoon,Scooter,23,7.0,78,101,Low
53,18.82,Windy,Low,Morning,Car,5,3.0,77,82,Medium
54,17.95,Snowy,High,Morning,Scooter,16,5.0,96,112,Low
55,12.16,Windy,High,Evening,Scooter,11,0.0,69,80,Medium
56,18.48,Clear,Medium,Night,Bike,8,0.0,82,90,Low
57,2.23,Snowy,Medium,Evening,Car,14,0.0,41,55,Medium
58,4.32,Clear,Medium,Morning,Bike,17,4.0,36,53,High
59,1.38,Clear,Medium,Morning,Car,6,3.0,17,23,High
60,6.84,Rainy,Medium,Night,Car,14,8.0,47,61,Medium
61,8.08,Foggy,Low,Morning,Bike,25,2.0,61,86,Medium
62,5.79,Windy,Medium,Morning,Bike,26,6.0,49,75,Medium
63,16.66,Snowy,High,Afternoon,Scooter,29,7.0,95,124,Low
64,7.46,Clear,Medium,Evening,Bike,8,5.0,42,50,High
65,5.98,Clear,Low,Evening,Car,22,9.0,35,57,Medium
66,11.08,Snowy,Medium,Morning,Bike,9,0.0,57,66,Medium
67,3.25,Clear,Low,Morning,Bike,23,7.0,32,55,Medium
68,16.14,Clear,Low,Night,Car,6,9.0,65,71,Medium
69,1.95,Clear,Low,Morning,Scooter,16,2.0,23,39,High
71,15.56,Clear,Medium,Evening,Bike,14,3.0,54,68,Medium
72,4.37,Clear,Medium,Evening,Scooter,6,7.0,25,31,High
73,0.61,Clear,Low,Afternoon,Scooter,10,0.0,16,26,High
74,16.4,Clear,High,Morning,Scooter,12,2.0,70,82,Medium
75,14.28,Windy,High,Afternoon,Scooter,23,5.0,77,100,Low
76,14.72,Clear,Medium,Evening,Scooter,15,8.0,80,95,Low
77,15.54,Clear,Low,Night,Bike,29,1.0,76,105,Low
78,1.94,Rainy,Medium,Morning,Bike,16,0.0,35,51,High
79,7.49,Clear,High,Morning,Scooter,13,9.0,45,58,Medium
80,2.76,Windy,Medium,Night,Bike,6,2.0,27,33,High
81,17.33,Snowy,Low,Evening,Scooter,12,3.0,79,91,Low
82,12.65,Clear,Low,Evening,Bike,15,4.0,66,81,Medium
83,6.95,Clear,Medium,Morning,Scooter,25,2.0,58,83,Medium
84,1.74,Foggy,High,Afternoon,Scooter,8,9.0,28,36,High
85,6.56,Windy,Medium,Afternoon,Bike,14,1.0,47,61,Medium
86,6.84,Clear,Medium,Evening,Bike,25,1.0,51,76,Medium
87,14.73,Rainy,Low,Afternoon,Bike,24,6.0,74,98,Low
88,12.93,Clear,Medium,Morning,Scooter,20,8.0,58,78,Medium
89,17.8,Windy,High,Afternoon,Car,12,9.0,73,85,Medium
90,9.71,Clear,Low,Morning,Bike,8,1.0,49,57,Medium
91,2.83,Windy,Medium,Afternoon,Scooter,14,6.0,28,42,High
92,14.41,Rainy,High,Night,Bike,16,6.0,85,101,Low
93,15.34,Rainy,Low,Afternoon,Bike,18,6.0,54,72,Medium
94,11.44,Rainy,Medium,Evening,Car,20,2.0,57,77,Medium
95,15.53,Clear,Low,Morning,Bike,26,6.0,83,109,Low
96,10.13,Clear,Medium,Evening,Bike,22,0.0,65,87,Medium
97,10.69,Clear,Medium,Night,Bike,25,9.0,67,92,Low
98,8.84,Clear,High,Morning,Bike,26,0.0,57,83,Medium
99,1.0,Snowy,Medium,Morning,Bike,25,4.0,44,69,Medium
100,2.6,Clear,Low,Afternoon,Bike,16,1.0,29,45,High
101,1.11,Clear,High,Morning,Scooter,22,8.0,35,57,Medium
102,12.91,Windy,Medium,Evening,Bike,11,6.0,56,67,Medium
103,6.63,Foggy,Low,Night,Scooter,24,3.0,58,82,Medium
104,10.42,Windy,Medium,Afternoon,Bike,28,3.0,72,100,Low
105,18.2,Windy,Medium,Morning,Bike,27,1.0,108,135,Low
106,5.36,Clear,Low,Afternoon,Scooter,11,4.0,30,41,High
107,8.5,Clear,High,Evening,Car,13,3.0,54,67,Medium
108,15.23,Snowy,High,Morning,Bike,5,0.0,62,67,Medium
109,4.96,Rainy,Low,Afternoon,Car,10,7.0,28,38,High
110,2.0,Clear,High,Evening,Scooter,10,2.0,30,40,High
111,6.15,Foggy,Low,Evening,Scooter,26,5.0,48,74,Medium
112,3.64,Clear,Low,Morning,Scooter,16,3.0,26,42,High
113,18.63,Clear,Low,Evening,Bike,26,8.0,75,101,Low
114,16.26,Rainy,High,Morning,Bike,16,6.0,70,86,Medium
115,12.85,Rainy,Medium,Morning,Scooter,14,8.0,73,87,Medium
116,17.49,Rainy,Low,Evening,Bike,27,9.0,97,124,Low
117,16.17,Clear,Medium,Evening,Car,10,2.0,116,126,Low
118,4.14,Foggy,Medium,Morning,Bike,21,0.0,46,67,Medium
119,17.9,Clear,Low,Morning,Bike,23,5.0,85,108,Low
120,11.02,Clear,High,Morning,Scooter,22,2.0,70,92,Low
121,16.25,Foggy,High,Morning,Bike,10,5.0,91,101,Low
122,17.97,Windy,Medium,Morning,Scooter,28,7.0,92,120,Low
123,6.7,Foggy,High,Morning,Scooter,23,3.0,59,82,Medium
124,2.65,Clear,Medium,Afternoon,Car,14,4.0,35,49,High
125,4.94,Rainy,High,Evening,Scooter,28,4.0,63,91,Low
126,8.83,Clear,Medium,Evening,Scooter,12,3.0,109,121,Low
127,16.45,Clear,Medium,Evening,Scooter,25,3.0,87,112,Low
128,17.28,Clear,Low,Morning,Car,28,3.0,72,100,Low
129,0.64,Clear,High,Night,Bike,10,3.0,24,34,High
130,10.46,Clear,Medium,Evening,Bike,25,3.0,68,93,Low
131,8.64,Snowy,Low,Evening,Bike,29,4.0,62,91,Low
132,4.83,Clear,Low,Evening,Bike,11,1.0,29,40,High
133,2.84,Clear,Medium,Night,Scooter,28,1.0,44,72,Medium
134,7.08,Clear,Medium,Afternoon,Scooter,5,8.0,27,32,High
135,18.89,Rainy,Medium,Morning,Scooter,22,1.0,74,96,Low
136,6.8,Clear,High,Evening,Bike,28,5.0,55,83,Medium
137,10.62,Foggy,Low,Evening,Scooter,29,1.0,73,102,Low
138,14.21,Clear,Medium,Evening,Bike,24,5.0,58,82,Medium
139,7.59,Clear,Low,Afternoon,Scooter,16,3.0,37,53,High
140,19.45,Rainy,High,Morning,Scooter,20,6.0,108,128,Low
141,19.27,Foggy,High,Afternoon,Bike,14,6.0,92,106,Low
142,5.41,Clear,Medium,Night,Bike,14,5.0,36,50,High
143,10.2,Rainy,Medium,Afternoon,Bike,18,9.0,56,74,Medium
144,6.37,Rainy,Low,Afternoon,Car,29,4.0,56,85,Medium
145,6.05,Clear,Medium,Morning,Car,24,0.0,48,72,Medium
146,1.22,Foggy,High,Afternoon,Scooter,14,2.0,38,52,High
147,12.39,Snowy,Medium,Evening,Bike,14,8.0,56,70,Medium
148,10.3,Rainy,Low,Evening,Bike,29,0.0,73,102,Low
149,1.5,Foggy,Medium,Evening,Scooter,15,4.0,32,47,High
150,5.93,Foggy,High,Afternoon,Scooter,27,1.0,106,133,Low
151,18.21,Clear,Low,Evening,Bike,6,3.0,74,80,Medium
152,5.17,Foggy,Low,Morning,Bike,29,0.0,56,85,Medium
153,3.33,Rainy,Medium,Evening,Scooter,24,2.0,44,68,Medium
154,10.04,Rainy,High,Afternoon,Bike,12,9.0,59,71,Medium
155,19.72,Rainy,Low,Afternoon,Bike,27,6.0,109,136,Low
156,5.22,Snowy,Low,Evening,Bike,11,9.0,40,51,High
157,13.61,Clear,Low,Morning,Scooter,12,2.0,43,55,Medium
158,15.35,Foggy,Low,Morning,Car,5,3.0,56,61,Medium
159,5.13,Foggy,Medium,Evening,Car,25,1.0,60,85,Medium
160,14.7,Clear,Medium,Morning,Scooter,6,2.0,58,64,Medium
161,7.67,Foggy,Medium,Afternoon,Scooter,22,8.0,59,81,Medium
162,12.83,Clear,Medium,Morning,Bike,19,2.0,76,95,Low
163,12.85,Clear,Low,Afternoon,Scooter,5,5.0,54,59,Medium
164,10.95,Snowy,Medium,Afternoon,Bike,9,1.0,65,74,Medium
165,2.26,Clear,Medium,Morning,Scooter,6,3.0,19,25,High
166,16.79,Foggy,High,Afternoon,Bike,24,6.0,85,109,Low
167,6.76,Foggy,Medium,Night,Bike,7,6.0,42,49,High
168,4.14,Rainy,Low,Morning,Bike,23,2.0,41,64,Medium
169,1.3,Clear,Medium,Evening,Bike,22,4.0,31,53,High
170,12.02,Clear,Low,Afternoon,Bike,26,0.0,63,89,Medium
171,13.71,Rainy,Medium,Evening,Bike,22,9.0,64,86,Medium
172,0.82,Windy,Low,Morning,Car,18,9.0,23,41,High
173,10.49,Rainy,Low,Morning,Bike,28,9.0,66,94,Low
174,4.92,Clear,High,Morning,Scooter,12,0.0,41,53,High
175,13.08,Rainy,Low,Morning,Car,16,4.0,58,74,Medium
176,3.9,Rainy,High,Morning,Car,25,9.0,54,79,Medium
177,13.97,Snowy,Low,Evening,Scooter,14,8.0,52,66,Medium
178,8.04,Clear,Medium,Evening,Car,27,0.0,65,92,Low
179,18.77,Snowy,Medium,Evening,Bike,24,0.0,115,139,Low
180,3.18,Rainy,Medium,Evening,Bike,21,3.0,42,63,Medium
181,7.15,Windy,Low,Morning,Bike,15,3.0,42,57,Medium
182,2.71,Clear,Low,Morning,Scooter,6,1.0,20,26,High
183,18.53,Rainy,Low,Afternoon,Scooter,8,8.0,57,65,Medium
184,17.61,Windy,Low,Morning,Bike,5,8.0,61,66,Medium
185,5.53,Clear,Medium,Afternoon,Bike,19,1.0,44,63,Medium
186,13.37,Windy,High,Afternoon,Scooter,17,8.0,63,80,Medium
187,16.44,Rainy,High,Afternoon,Bike,12,5.0,86,98,Low
188,11.33,Clear,Medium,Afternoon,Scooter,29,7.0,77,106,Low
189,10.83,Clear,Medium,Evening,Scooter,8,9.0,51,59,Medium
190,5.22,Snowy,Medium,Morning,Scooter,14,3.0,43,57,Medium
191,2.32,Clear,Low,Afternoon,Scooter,23,1.0,32,55,Medium
192,18.0,Rainy,High,Night,Car,22,5.0,98,120,Low
193,18.06,Clear,Medium,Night,Bike,9,8.0,52,61,Medium
194,12.85,Rainy,Medium,Afternoon,Scooter,23,0.0,80,103,Low
195,7.11,Clear,Low,Afternoon,Scooter,27,5.0,48,75,Medium
196,7.31,Foggy,Medium,Afternoon,Bike,26,2.0,65,91,Low
197,14.66,Windy,Medium,Morning,Bike,20,2.0,77,97,Low
198,17.99,Windy,High,Evening,Bike,5,1.0,73,78,Medium
199,17.8,Snowy,Medium,Morning,Bike,16,9.0,73,89,Medium
200,15.71,Clear,Low,Afternoon,Scooter,28,5.0,69,97,Low
201,13.02,Snowy,High,Afternoon,Car,6,9.0,65,71,Medium
202,2.14,Clear,Low,Afternoon,Bike,25,1.0,36,61,Medium
203,3.65,Clear,Medium,Morning,Bike,29,9.0,46,75,Medium
204,18.02,Clear,Low,Evening,Car,12,3.0,77,89,Medium
205,12.33,Clear,Medium,Evening,Bike,22,9.0,75,97,Low
206,0.68,Snowy,High,Evening,Bike,29,8.0,50,79,Medium
207,2.48,Rainy,Low,Evening,Scooter,20,8.0,30,50,High
208,13.44,Clear,Medium,Evening,Scooter,9,5.0,55,64,Medium
209,0.6,Clear,Low,Afternoon,Bike,26,3.0,30,56,Medium
210,3.64,Windy,High,Evening,Bike,17,6.0,40,57,Medium
211,11.2,Clear,Medium,Morning,Bike,23,5.0,73,96,Low
212,13.99,Clear,High,Evening,Scooter,7,3.0,96,103,Low
213,13.21,Clear,Low,Morning,Scooter,12,4.0,63,75,Medium
214,4.87,Snowy,High,Evening,Bike,16,7.0,54,70,Medium
215,14.39,Rainy,Medium,Morning,Scooter,6,5.0,50,56,Medium
216,5.13,Clear,Low,Morning,Car,15,4.0,30,45,High
217,6.85,Clear,High,Morning,Bike,16,5.0,48,64,Medium
218,15.06,Rainy,Low,Morning,Bike,22,4.0,65,87,Medium
219,13.17,Rainy,High,Evening,Scooter,17,8.0,69,86,Medium
220,17.06,Clear,Low,Evening,Bike,9,9.0,66,75,Medium
221,13.32,Windy,Medium,Afternoon,Bike,26,0.0,71,97,Low
222,11.58,Clear,Medium,Morning,Scooter,16,2.0,61,77,Medium
223,2.33,Clear,Low,Morning,Car,6,1.0,17,23,High
224,7.67,Windy,Low,Morning,Car,9,2.0,31,40,High
225,5.67,Clear,Low,Morning,Scooter,11,9.0,27,38,High
226,5.26,Rainy,Medium,Evening,Scooter,28,8.0,51,79,Medium
227,19.47,Clear,Low,Morning,Bike,16,8.0,83,99,Low
228,8.17,Clear,Medium,Afternoon,Scooter,20,9.0,44,64,Medium
229,17.89,Windy,Low,Morning,Bike,27,1.0,101,128,Low
230,12.81,Clear,Low,Morning,Bike,12,2.0,51,63,Medium
231,16.0,Foggy,Medium,Afternoon,Scooter,13,3.0,65,78,Medium
232,10.3,Clear,Low,Evening,Scooter,19,8.0,48,67,Medium
233,11.75,Clear,High,Morning,Bike,9,2.0,55,64,Medium
234,10.1,Clear,High,Morning,Car,17,6.0,55,72,Medium
235,4.31,Rainy,Medium,Afternoon,Bike,9,2.0,35,44,High
236,14.59,Clear,Medium,Morning,Bike,15,6.0,64,79,Medium
237,5.98,Foggy,High,Morning,Bike,14,6.0,44,58,Medium
238,0.97,Clear,Low,Night,Scooter,24,8.0,26,50,High
239,13.09,Windy,Low,Morning,Scooter,17,1.0,69,86,Medium
240,3.95,Clear,Low,Afternoon,Bike,13,5.0,25,38,High
241,18.84,Foggy,Medium,Afternoon,Scooter,25,8.0,88,113,Low
242,19.1,Snowy,Low,Afternoon,Bike,18,1.0,101,119,Low
243,18.34,Snowy,Medium,Afternoon,Scooter,22,5.0,91,113,Low
244,7.72,Foggy,High,Evening,Bike,19,4.0,64,83,Medium
245,0.8,Snowy,High,Evening,Bike,14,9.0,36,50,High
246,18.6,Rainy,Medium,Morning,Car,28,9.0,77,105,Low
247,8.85,Clear,Low,Afternoon,Bike,11,9.0,45,56,Medium
248,19.35,Clear,High,Morning,Bike,12,7.0,75,87,Medium
249,19.29,Windy,Medium,Evening,Scooter,7,8.0,84,91,Low
250,17.13,Rainy,Low,Evening,Car,19,1.0,71,90,Low
251,6.24,Snowy,Low,Afternoon,Bike,20,4.0,51,71,Medium
252,8.01,Clear,High,Morning,Bike,8,6.0,48,56,Medium
253,17.1,Clear,Medium,Evening,Bike,25,5.0,65,90,Low
254,6.68,Clear,High,Morning,Scooter,10,5.0,44,54,High
255,3.81,Rainy,High,Afternoon,Bike,5,6.0,31,36,High
256,11.36,Clear,Medium,Morning,Scooter,8,2.0,52,60,Medium
257,18.76,Clear,Medium,Evening,Car,15,2.0,80,95,Low
258,14.07,Clear,Medium,Morning,Bike,16,9.0,73,89,Medium
259,11.62,Clear,Low,Afternoon,Bike,9,8.0,33,42,High
260,2.39,Rainy,Medium,Evening,Bike,27,7.0,43,70,Medium
261,12.49,Clear,Medium,Morning,Bike,25,4.0,77,102,Low
262,19.81,Snowy,Medium,Afternoon,Car,20,5.0,104,124,Low
263,3.23,Clear,High,Afternoon,Bike,17,9.0,33,50,High
264,10.61,Clear,Medium,Morning,Bike,17,0.0,59,76,Medium
265,17.61,Clear,Medium,Evening,Scooter,21,9.0,79,100,Low
266,14.94,Clear,Medium,Morning,Bike,11,0.0,62,73,Medium
267,14.09,Clear,Medium,Afternoon,Scooter,12,3.0,55,67,Medium
268,14.2,Clear,Medium,Afternoon,Bike,17,1.0,73,90,Low
269,7.51,Rainy,Low,Evening,Car,27,6.0,50,77,Medium
270,6.23,Clear,Medium,Evening,Car,20,1.0,51,71,Medium
271,16.28,Rainy,Low,Morning,Scooter,8,9.0,71,79,Medium
272,16.3,Foggy,Low,Morning,Car,12,1.0,100,112,Low
273,17.41,Snowy,Medium,Evening,Bike,20,4.0,80,100,Low
274,18.31,Clear,Medium,Afternoon,Bike,25,3.0,79,104,Low
275,10.47,Clear,High,Evening,Scooter,14,7.0,55,69,Medium
276,10.28,Clear,Medium,Evening,Scooter,29,3.0,71,100,Low
277,16.07,Clear,Medium,Evening,Bike,16,5.0,64,80,Medium
278,13.17,Windy,Medium,Afternoon,Bike,16,4.0,67,83,Medium
279,14.19,Clear,Medium,Afternoon,Bike,9,1.0,57,66,Medium
280,16.02,Clear,Low,Evening,Bike,20,7.0,61,81,Medium
281,17.86,Rainy,Low,Afternoon,Bike,5,1.0,50,55,Medium
282,7.09,Snowy,Low,Morning,Scooter,13,8.0,37,50,High
283,7.82,Rainy,Medium,Evening,Bike,16,8.0,45,61,Medium
284,2.33,Clear,Low,Evening,Bike,9,2.0,18,27,High
285,11.78,Clear,Low,Afternoon,Scooter,26,3.0,71,97,Low
286,1.2,Rainy,Low,Morning,Scooter,24,7.0,33,57,Medium
287,9.58,Clear,High,Afternoon,Car,26,8.0,60,86,Medium
288,11.08,Clear,Low,Evening,Scooter,28,2.0,58,86,Medium
289,6.09,Clear,Medium,Night,Bike,7,4.0,27,34,High
290,12.02,Clear,Low,Morning,Car,9,7.0,41,50,High
291,1.09,Clear,Medium,Morning,Scooter,6,2.0,17,23,High
292,1.23,Clear,Low,Evening,Bike,18,6.0,21,39,High
293,16.54,Rainy,Low,Afternoon,Scooter,6,7.0,51,57,Medium
294,7.52,Clear,Medium,Afternoon,Car,17,9.0,44,61,Medium
295,2.98,Foggy,Low,Night,Bike,11,2.0,27,38,High
296,10.68,Clear,Low,Morning,Bike,14,1.0,42,56,Medium
297,15.51,Clear,Low,Evening,Bike,17,9.0,69,86,Medium
298,4.71,Clear,Low,Morning,Bike,20,6.0,31,51,High
299,12.65,Rainy,Low,Afternoon,Bike,18,8.0,60,78,Medium
300,2.16,Snowy,Low,Evening,Scooter,15,0.0,36,51,High
301,1.51,Clear,High,Afternoon,Bike,14,2.0,32,46,High
302,10.86,Windy,Medium,Evening,Car,10,4.0,60,70,Medium
303,11.04,Clear,Medium,Afternoon,Scooter,8,2.0,54,62,Medium
304,12.93,Rainy,Low,Afternoon,Scooter,25,0.0,61,86,Medium
305,14.66,Snowy,High,Morning,Car,5,6.0,71,76,Medium
306,19.53,Foggy,Low,Afternoon,Bike,11,6.0,87,98,Low
307,10.57,Snowy,Low,Afternoon,Bike,28,9.0,59,87,Medium
308,6.8,Foggy,Medium,Morning,Scooter,13,7.0,46,59,Medium
309,16.01,Clear,Low,Afternoon,Car,12,4.0,72,84,Medium
310,5.78,Foggy,Low,Afternoon,Scooter,9,9.0,33,42,High
311,9.06,Clear,Medium,Evening,Bike,23,4.0,47,70,Medium
312,2.03,Foggy,High,Evening,Car,14,4.0,36,50,High
313,0.99,Clear,Medium,Evening,Bike,15,5.0,32,47,High
314,19.27,Foggy,Medium,Morning,Car,29,9.0,85,114,Low
315,16.8,Rainy,High,Morning,Car,19,4.0,85,104,Low
316,14.07,Rainy,Low,Evening,Bike,10,5.0,63,73,Medium
317,8.47,Rainy,Low,Afternoon,Scooter,19,0.0,48,67,Medium
318,3.88,Snowy,Low,Morning,Bike,9,6.0,33,42,High
319,3.55,Clear,Medium,Evening,Bike,23,0.0,43,66,Medium
320,5.38,Clear,Medium,Evening,Scooter,26,1.0,47,73,Medium
321,11.21,Clear,High,Afternoon,Scooter,23,1.0,76,99,Low
322,14.43,Clear,Medium,Morning,Car,14,4.0,113,127,Low
323,13.37,Foggy,Medium,Evening,Scooter,16,9.0,71,87,Medium
324,5.96,Clear,Low,Afternoon,Bike,26,6.0,48,74,Medium
325,19.12,Windy,High,Evening,Car,8,0.0,92,100,Low
326,14.89,Clear,High,Evening,Car,22,9.0,88,110,Low
327,11.31,Clear,High,Evening,Bike,20,0.0,67,87,Medium
328,12.43,Snowy,Low,Afternoon,Car,12,0.0,70,82,Medium
329,8.68,Rainy,Medium,Morning,Bike,8,5.0,52,60,Medium
330,5.33,Clear,Low,Evening,Car,29,1.0,51,80,Medium
331,7.44,Rainy,Low,Evening,Bike,27,5.0,53,80,Medium
332,15.28,Snowy,Low,Evening,Bike,16,5.0,72,88,Medium
333,0.78,Clear,Medium,Morning,Bike,6,1.0,17,23,High
334,2.76,Windy,Medium,Morning,Scooter,8,5.0,22,30,High
335,1.4,Windy,Low,Evening,Bike,9,9.0,17,26,High
336,1.29,Rainy,Low,Evening,Bike,7,7.0,15,22,High
337,17.18,Clear,Medium,Night,Scooter,13,1.0,62,75,Medium
338,14.22,Rainy,Low,Evening,Car,25,8.0,84,109,Low
339,9.75,Clear,Low,Afternoon,Bike,22,7.0,50,72,Medium
340,2.41,Clear,Medium,Evening,Bike,15,9.0,25,40,High
341,10.09,Clear,Medium,Evening,Bike,7,0.0,49,56,Medium
342,9.73,Clear,Low,Afternoon,Bike,29,6.0,60,89,Medium
343,3.88,Foggy,Low,Evening,Car,27,9.0,42,69,Medium
344,8.96,Snowy,Medium,Morning,Car,6,5.0,51,57,Medium
345,8.27,Clear,High,Afternoon,Scooter,13,5.0,58,71,Medium
346,12.51,Clear,Medium,Evening,Bike,18,5.0,62,80,Medium
347,12.88,Clear,Medium,Morning,Scooter,8,5.0,52,60,Medium
348,1.38,Clear,Low,Morning,Scooter,13,9.0,17,30,High
349,7.8,Windy,Medium,Afternoon,Car,17,6.0,44,61,Medium
350,12.7,Clear,Low,Morning,Scooter,22,2.0,57,79,Medium
351,10.31,Foggy,Medium,Morning,Scooter,19,5.0,62,81,Medium
352,17.2,Rainy,High,Afternoon,Scooter,14,2.0,94,108,Low
353,13.34,Clear,Medium,Night,Bike,20,6.0,53,73,Medium
354,3.68,Windy,High,Afternoon,Car,16,6.0,47,63,Medium
355,1.88,Clear,Medium,Morning,Scooter,24,7.0,35,59,Medium
356,13.03,Foggy,Low,Morning,Scooter,9,1.0,50,59,Medium
357,1.02,Windy,High,Evening,Bike,6,8.0,21,27,High
358,11.92,Clear,Low,Afternoon,Scooter,14,4.0,46,60,Medium
359,18.83,Clear,Medium,Evening,Scooter,5,8.0,69,74,Medium
360,11.72,Rainy,Low,Evening,Bike,11,9.0,42,53,High
361,8.07,Windy,Low,Evening,Bike,21,4.0,48,69,Medium
362,13.04,Clear,Medium,Morning,Scooter,20,6.0,65,85,Medium
363,9.44,Rainy,Medium,Evening,Scooter,28,8.0,63,91,Low
364,11.14,Rainy,Medium,Morning,Scooter,7,3.0,47,54,High
365,18.86,Snowy,Medium,Night,Bike,18,1.0,89,107,Low
366,8.03,Clear,Low,Evening,Scooter,14,8.0,42,56,Medium
367,19.24,Snowy,Low,Morning,Bike,26,1.0,114,140,Low
368,18.15,Windy,Medium,Morning,Bike,11,2.0,89,100,Low
369,4.32,Clear,Low,Morning,Bike,21,9.0,34,55,Medium
370,1.85,Clear,Medium,Evening,Bike,10,1.0,24,34,High
371,2.47,Windy,Medium,Morning,Bike,27,2.0,44,71,Medium
372,0.86,Clear,High,Afternoon,Bike,26,5.0,37,63,Medium
373,2.34,Foggy,Medium,Morning,Bike,8,2.0,28,36,High
374,13.82,Clear,Medium,Evening,Bike,21,9.0,72,93,Low
375,1.89,Clear,Medium,Evening,Scooter,13,7.0,22,35,High
376,6.72,Foggy,Low,Evening,Bike,8,5.0,31,39,High
377,16.98,Clear,Low,Night,Bike,11,6.0,78,89,Medium
378,0.95,Rainy,Medium,Morning,Car,27,0.0,44,71,Medium
379,16.38,Clear,Medium,Morning,Bike,6,2.0,51,57,Medium
380,6.0,Rainy,Medium,Evening,Scooter,21,2.0,47,68,Medium
381,2.8,Clear,High,Afternoon,Bike,28,1.0,50,78,Medium
382,14.09,Clear,High,Afternoon,Bike,12,6.0,67,79,Medium
383,12.76,Windy,High,Morning,Scooter,27,5.0,74,101,Low
384,17.61,Clear,Medium,Morning,Scooter,19,3.0,80,99,Low
385,14.83,Rainy,Low,Morning,Car,19,4.0,126,145,Low
386,16.17,Clear,Medium,Evening,Scooter,12,2.0,78,90,Low
387,6.0,Snowy,Low,Morning,Car,20,8.0,53,73,Medium
388,3.96,Clear,Medium,Afternoon,Bike,23,5.0,44,67,Medium
389,15.14,Windy,Medium,Morning,Bike,15,4.0,71,86,Medium
390,16.23,Clear,Medium,Evening,Bike,6,0.0,54,60,Medium
391,19.81,Clear,Low,Afternoon,Bike,27,1.0,74,101,Low
392,8.55,Clear,Low,Evening,Scooter,28,8.0,46,74,Medium
393,7.75,Clear,Medium,Evening,Scooter,21,1.0,55,76,Medium
394,15.64,Rainy,Low,Morning,Bike,20,4.0,141,161,Low
395,7.15,Clear,High,Night,Car,29,7.0,60,89,Medium
396,18.65,Foggy,Low,Night,Car,19,2.0,68,87,Medium
397,17.24,Clear,Low,Evening,Bike,17,5.0,69,86,Medium
398,8.87,Clear,Low,Evening,Bike,19,3.0,55,74,Medium
399,15.14,Rainy,Medium,Morning,Bike,8,6.0,66,74,Medium
400,15.21,Snowy,Medium,Afternoon,Bike,20,9.0,90,110,Low
401,2.51,Clear,Low,Morning,Bike,16,2.0,28,44,High
402,18.1,Clear,Low,Morning,Scooter,8,5.0,77,85,Medium
403,10.35,Clear,Medium,Night,Bike,7,9.0,48,55,Medium
404,16.62,Snowy,Low,Afternoon,Bike,26,8.0,94,120,Low
405,6.74,Rainy,Medium,Evening,Car,21,9.0,47,68,Medium
406,17.96,Clear,Low,Evening,Scooter,26,0.0,74,100,Low
407,8.09,Foggy,Low,Evening,Car,22,2.0,56,78,Medium
408,0.71,Foggy,Low,Night,Bike,29,1.0,41,70,Medium
409,18.15,Rainy,High,Morning,Bike,22,7.0,108,130,Low
410,2.28,Foggy,Medium,Morning,Scooter,27,6.0,44,71,Medium
411,6.73,Clear,Medium,Afternoon,Bike,21,1.0,54,75,Medium
412,19.03,Clear,Low,Morning,Bike,16,5.0,68,84,Medium
413,19.04,Clear,Medium,Morning,Scooter,27,2.0,85,112,Low
414,11.68,Clear,Low,Afternoon,Scooter,25,7.0,70,95,Low
415,12.82,Rainy,Medium,Evening,Bike,28,9.0,72,100,Low
416,9.24,Windy,Low,Afternoon,Bike,8,2.0,49,57,Medium
417,6.22,Clear,Low,Afternoon,Bike,16,9.0,29,45,High
418,6.91,Clear,Low,Evening,Bike,27,8.0,91,118,Low
419,13.61,Clear,Low,Morning,Bike,26,0.0,66,92,Low
420,15.17,Windy,Low,Morning,Bike,25,4.0,77,102,Low
421,15.94,Clear,Low,Evening,Bike,24,2.0,77,101,Low
422,15.9,Rainy,Low,Evening,Car,19,5.0,78,97,Low
423,2.28,Clear,Medium,Evening,Scooter,27,9.0,39,66,Medium
424,10.14,Clear,Medium,Morning,Scooter,20,1.0,59,79,Medium
425,1.62,Windy,Low,Evening,Bike,9,8.0,16,25,High
426,11.22,Windy,High,Evening,Bike,25,5.0,79,104,Low
427,9.11,Clear,Low,Afternoon,Bike,19,6.0,42,61,Medium
428,17.81,Windy,High,Evening,Bike,21,4.0,122,143,Low
429,7.34,Rainy,Low,Evening,Bike,22,8.0,47,69,Medium
430,2.78,Clear,High,Afternoon,Scooter,9,0.0,41,50,High
431,3.29,Clear,Medium,Afternoon,Scooter,17,4.0,32,49,High
432,15.35,Rainy,High,Night,Scooter,23,9.0,80,103,Low
433,12.56,Clear,High,Evening,Bike,17,5.0,69,86,Medium
434,2.47,Rainy,Low,Afternoon,Car,22,6.0,34,56,Medium
435,2.14,Clear,High,Evening,Bike,18,3.0,34,52,High
436,14.17,Clear,Low,Afternoon,Bike,8,0.0,55,63,Medium
437,1.92,Clear,Low,Morning,Bike,8,7.0,14,22,High
438,16.53,Snowy,Low,Afternoon,Scooter,24,9.0,99,123,Low
439,14.27,Clear,Medium,Night,Car,24,3.0,77,101,Low
440,2.09,Rainy,Low,Night,Bike,23,2.0,36,59,Medium
441,2.15,Windy,Medium,Afternoon,Car,17,6.0,30,47,High
442,19.74,Clear,High,Afternoon,Car,16,1.0,98,114,Low
443,7.8,Rainy,Medium,Morning,Bike,11,7.0,49,60,Medium
444,7.73,Clear,High,Night,Bike,29,5.0,58,87,Medium
445,16.35,Foggy,Medium,Night,Bike,16,6.0,67,83,Medium
446,18.97,Clear,Low,Evening,Car,25,4.0,141,166,Low
447,19.73,Rainy,Low,Evening,Bike,8,8.0,64,72,Medium
448,15.19,Foggy,Low,Evening,Scooter,6,4.0,53,59,Medium
449,7.84,Windy,Low,Afternoon,Bike,6,4.0,28,34,High
450,2.13,Rainy,Low,Morning,Scooter,9,2.0,22,31,High
451,15.65,Clear,Low,Afternoon,Bike,27,0.0,76,103,Low
452,11.39,Rainy,High,Evening,Scooter,14,1.0,72,86,Medium
453,8.77,Foggy,Medium,Evening,Car,14,7.0,49,63,Medium
454,18.17,Rainy,Low,Afternoon,Car,13,0.0,71,84,Medium
455,2.67,Clear,Medium,Night,Car,17,6.0,28,45,High
456,10.11,Windy,Low,Morning,Bike,11,4.0,44,55,Medium
457,0.72,Rainy,Medium,Afternoon,Scooter,9,2.0,23,32,High
458,9.64,Rainy,Medium,Evening,Bike,14,6.0,52,66,Medium
459,1.6,Clear,Medium,Evening,Bike,14,8.0,24,38,High
460,2.82,Rainy,Medium,Evening,Scooter,10,1.0,29,39,High
461,2.79,Clear,High,Morning,Bike,23,7.0,38,61,Medium
462,13.16,Rainy,High,Morning,Scooter,25,8.0,68,93,Low
463,15.05,Clear,Medium,Evening,Car,12,2.0,66,78,Medium
464,11.88,Rainy,Medium,Afternoon,Bike,5,1.0,63,68,Medium
465,19.26,Windy,Medium,Morning,Scooter,21,6.0,67,88,Medium
466,7.81,Clear,Low,Evening,Bike,11,4.0,42,53,High
467,6.07,Clear,Low,Afternoon,Bike,18,4.0,35,53,High
468,17.44,Clear,Low,Evening,Bike,25,9.0,89,114,Low
469,4.86,Foggy,Medium,Evening,Car,25,4.0,52,77,Medium
470,19.28,Snowy,Medium,Morning,Car,21,3.0,101,122,Low
471,0.74,Rainy,Low,Morning,Car,13,4.0,21,34,High
472,19.41,Snowy,High,Evening,Car,21,3.0,100,121,Low
473,1.34,Foggy,High,Evening,Bike,9,5.0,30,39,High
474,17.88,Clear,Medium,Evening,Bike,29,3.0,98,127,Low
475,10.79,Clear,Medium,Evening,Scooter,24,1.0,65,89,Medium
476,19.86,Rainy,High,Evening,Bike,12,8.0,71,83,Medium
477,1.94,Foggy,Low,Night,Bike,10,1.0,25,35,High
478,11.3,Snowy,Medium,Afternoon,Bike,15,8.0,70,85,Medium
479,19.4,Snowy,High,Afternoon,Scooter,23,9.0,92,115,Low
480,10.7,Clear,Medium,Afternoon,Scooter,8,5.0,44,52,High
481,12.77,Foggy,Low,Morning,Bike,22,8.0,71,93,Low
482,14.07,Clear,High,Afternoon,Bike,5,8.0,67,72,Medium
483,9.36,Rainy,High,Morning,Scooter,17,2.0,65,82,Medium
484,12.74,Clear,Low,Night,Scooter,18,0.0,67,85,Medium
485,11.89,Clear,Medium,Afternoon,Bike,28,0.0,79,107,Low
486,18.07,Clear,High,Afternoon,Scooter,5,2.0,67,72,Medium
487,1.39,Clear,Medium,Afternoon,Bike,15,4.0,24,39,High
488,5.98,Rainy,High,Morning,Bike,21,2.0,60,81,Medium
489,19.03,Clear,Medium,Morning,Scooter,8,8.0,65,73,Medium
490,17.86,Clear,Low,Afternoon,Scooter,16,8.0,83,99,Low
491,9.39,Clear,Low,Morning,Bike,14,2.0,37,51,High
492,12.59,Clear,Low,Evening,Scooter,10,2.0,39,49,High
493,5.91,Clear,Medium,Evening,Scooter,29,4.0,57,86,Medium
494,4.17,Clear,Low,Evening,Scooter,5,1.0,22,27,High
495,9.54,Rainy,Medium,Evening,Scooter,11,5.0,47,58,Medium
496,7.39,Rainy,Medium,Morning,Scooter,25,6.0,60,85,Medium
497,11.88,Rainy,Medium,Evening,Bike,20,8.0,69,89,Medium
498,2.02,Clear,High,Evening,Bike,28,5.0,44,72,Medium
499,19.5,Clear,High,Morning,Bike,18,2.0,73,91,Low
500,19.73,Foggy,Medium,Evening,Bike,27,4.0,111,138,Low
501,14.11,Rainy,High,Morning,Scooter,24,3.0,93,117,Low
502,10.95,Clear,Medium,Evening,Scooter,24,4.0,55,79,Medium
503,6.54,Clear,Medium,Night,Bike,10,7.0,39,49,High
504,16.37,Clear,High,Morning,Bike,26,7.0,97,123,Low
505,13.85,Clear,Low,Evening,Bike,29,5.0,71,100,Low
506,3.67,Clear,Low,Morning,Bike,9,0.0,26,35,High
507,18.26,Rainy,High,Night,Scooter,28,7.0,93,121,Low
508,16.54,Rainy,Medium,Afternoon,Bike,25,7.0,77,102,Low
509,19.02,Rainy,High,Evening,Scooter,22,1.0,106,128,Low
510,14.65,Snowy,High,Morning,Car,19,3.0,95,114,Low
511,12.46,Foggy,Low,Afternoon,Bike,10,1.0,62,72,Medium
512,8.66,Snowy,High,Morning,Bike,29,3.0,77,106,Low
513,18.69,Windy,Medium,Night,Bike,23,9.0,74,97,Low
514,17.39,Clear,Medium,Evening,Scooter,5,6.0,46,51,High
515,1.38,Clear,Medium,Evening,Scooter,5,8.0,13,18,High
516,1.01,Clear,High,Night,Bike,17,7.0,29,46,High
517,7.84,Rainy,Low,Morning,Scooter,7,8.0,36,43,High
518,16.31,Foggy,Medium,Afternoon,Car,14,7.0,71,85,Medium
519,19.75,Clear,Medium,Morning,Bike,25,1.0,103,128,Low
520,3.43,Windy,Medium,Morning,Bike,7,6.0,23,30,High
521,12.09,Clear,Medium,Morning,Car,13,1.0,60,73,Medium
522,7.93,Windy,Low,Afternoon,Scooter,12,1.0,43,55,Medium
523,19.41,Clear,Low,Morning,Car,7,3.0,48,55,Medium
524,16.92,Clear,Low,Morning,Scooter,29,0.0,70,99,Low
525,16.85,Clear,High,Morning,Car,17,4.0,71,88,Medium
526,9.64,Clear,Low,Morning,Bike,10,5.0,46,56,Medium
527,8.59,Clear,Low,Night,Scooter,17,8.0,36,53,High
528,5.83,Clear,High,Evening,Car,27,9.0,56,83,Medium
529,1.6,Foggy,Low,Night,Scooter,24,5.0,37,61,Medium
530,17.36,Rainy,High,Afternoon,Bike,24,1.0,105,129,Low
531,16.35,Clear,Medium,Morning,Bike,16,0.0,66,82,Medium
532,19.99,Rainy,High,Evening,Bike,17,1.0,112,129,Low
533,19.93,Snowy,Low,Afternoon,Bike,6,6.0,59,65,Medium
534,11.33,Rainy,Low,Morning,Bike,25,3.0,60,85,Medium
535,15.5,Clear,Medium,Morning,Scooter,28,9.0,91,119,Low
536,18.92,Clear,High,Morning,Scooter,27,4.0,100,127,Low
537,17.07,Clear,Medium,Morning,Bike,20,6.0,73,93,Low
538,5.32,Rainy,Low,Afternoon,Scooter,27,2.0,48,75,Medium
539,9.29,Clear,Medium,Evening,Bike,10,9.0,40,50,High
540,3.02,Rainy,Medium,Morning,Bike,23,1.0,46,69,Medium
541,19.1,Snowy,Medium,Morning,Bike,25,6.0,90,115,Low
542,12.32,Clear,Medium,Evening,Scooter,17,4.0,71,88,Medium
543,4.96,Rainy,High,Morning,Bike,21,0.0,60,81,Medium
544,13.6,Clear,Medium,Afternoon,Bike,27,0.0,87,114,Low
545,12.55,Windy,Low,Evening,Bike,13,8.0,51,64,Medium
546,7.48,Clear,Medium,Morning,Car,21,4.0,52,73,Medium
547,2.71,Foggy,Low,Morning,Bike,6,0.0,28,34,High
548,13.6,Rainy,Medium,Afternoon,Scooter,23,6.0,83,106,Low
549,10.65,Clear,Medium,Afternoon,Scooter,23,8.0,58,81,Medium
550,15.56,Rainy,Low,Afternoon,Scooter,28,0.0,72,100,Low
551,10.64,Windy,Low,Evening,Car,11,9.0,36,47,High
552,17.12,Rainy,Low,Morning,Bike,26,3.0,86,112,Low
553,11.26,Foggy,High,Afternoon,Bike,14,2.0,70,84,Medium
554,11.44,Foggy,High,Afternoon,Car,14,4.0,74,88,Medium
555,17.59,Clear,Low,Morning,Bike,24,6.0,69,93,Low
556,8.37,Clear,High,Evening,Scooter,13,7.0,42,55,Medium
557,3.11,Rainy,Medium,Morning,Scooter,21,1.0,43,64,Medium
558,1.06,Clear,Low,Afternoon,Scooter,19,6.0,21,40,High
559,15.23,Foggy,Low,Morning,Car,6,0.0,52,58,Medium
560,12.6,Windy,Medium,Afternoon,Car,8,6.0,58,66,Medium
561,14.23,Clear,Medium,Afternoon,Scooter,23,7.0,70,93,Low
562,4.65,Clear,Medium,Evening,Bike,21,1.0,46,67,Medium
563,3.16,Snowy,Low,Morning,Car,9,5.0,27,36,High
564,0.78,Clear,Low,Afternoon,Bike,11,0.0,18,29,High
565,7.34,Foggy,Medium,Afternoon,Bike,22,5.0,93,115,Low
566,12.0,Clear,Low,Evening,Car,25,0.0,75,100,Low
567,8.15,Rainy,Low,Afternoon,Bike,26,2.0,50,76,Medium
568,9.03,Clear,Low,Afternoon,Bike,11,5.0,43,54,High
569,18.13,Rainy,High,Evening,Bike,21,2.0,88,109,Low
570,7.29,Clear,High,Evening,Car,11,7.0,48,59,Medium
571,10.52,Rainy,Medium,Afternoon,Scooter,8,4.0,56,64,Medium
572,15.78,Clear,High,Afternoon,Scooter,12,1.0,68,80,Medium
573,8.23,Snowy,Low,Evening,Bike,17,3.0,56,73,Medium
574,12.63,Foggy,Medium,Night,Scooter,8,8.0,49,57,Medium
575,17.32,Clear,Low,Evening,Scooter,10,3.0,77,87,Medium
576,19.02,Clear,Medium,Afternoon,Bike,29,9.0,87,116,Low
577,3.37,Clear,High,Morning,Bike,9,5.0,28,37,High
578,18.57,Rainy,Medium,Afternoon,Bike,16,7.0,89,105,Low
579,10.1,Rainy,Low,Evening,Car,8,4.0,50,58,Medium
580,5.54,Rainy,Medium,Evening,Scooter,28,9.0,51,79,Medium
581,9.45,Clear,Low,Afternoon,Car,13,0.0,49,62,Medium
582,19.61,Clear,High,Evening,Bike,8,6.0,72,80,Medium
583,10.11,Rainy,Medium,Afternoon,Scooter,23,2.0,63,86,Medium
584,6.91,Clear,Medium,Evening,Scooter,28,9.0,56,84,Medium
585,12.85,Windy,Medium,Afternoon,Scooter,18,7.0,61,79,Medium
586,5.18,Clear,Medium,Afternoon,Car,9,2.0,30,39,High
587,1.98,Rainy,Low,Afternoon,Bike,22,0.0,39,61,Medium
588,3.01,Clear,Medium,Evening,Bike,14,4.0,26,40,High
589,3.0,Clear,Low,Morning,Scooter,29,1.0,43,72,Medium
590,3.46,Snowy,Medium,Morning,Scooter,23,3.0,48,71,Medium
591,3.21,Rainy,High,Night,Scooter,16,0.0,42,58,Medium
592,13.0,Windy,High,Morning,Bike,22,8.0,65,87,Medium
593,4.05,Clear,Medium,Afternoon,Scooter,21,5.0,39,60,Medium
594,7.24,Clear,Medium,Afternoon,Bike,28,7.0,57,85,Medium
595,17.99,Snowy,Low,Afternoon,Bike,15,3.0,63,78,Medium
596,9.74,Rainy,Medium,Evening,Scooter,7,8.0,37,44,High
597,13.52,Clear,Low,Morning,Scooter,27,1.0,82,109,Low
598,3.86,Clear,Medium,Afternoon,Bike,21,8.0,34,55,Medium
599,4.25,Clear,Low,Afternoon,Bike,5,4.0,22,27,High
600,1.3,Foggy,Low,Evening,Bike,19,5.0,29,48,High
601,3.79,Clear,Medium,Morning,Bike,13,2.0,34,47,High
602,5.93,Clear,Low,Afternoon,Scooter,19,3.0,36,55,Medium
603,3.95,Clear,Medium,Morning,Car,28,5.0,47,75,Medium
604,2.23,Clear,Low,Morning,Bike,7,6.0,14,21,High
605,2.85,Clear,Low,Morning,Scooter,26,0.0,38,64,Medium
606,9.49,Rainy,Medium,Morning,Car,23,6.0,53,76,Medium
607,4.52,Foggy,Low,Evening,Car,17,0.0,71,88,Medium
608,7.6,Foggy,Low,Morning,Bike,16,4.0,48,64,Medium
609,10.32,Clear,Medium,Night,Car,24,5.0,49,73,Medium
610,13.96,Rainy,Low,Night,Bike,5,1.0,42,47,High
611,1.27,Foggy,High,Afternoon,Bike,25,9.0,46,71,Medium
612,16.09,Rainy,Low,Morning,Bike,21,8.0,66,87,Medium
613,12.74,Rainy,Low,Afternoon,Bike,17,9.0,63,80,Medium
614,2.09,Clear,Medium,Evening,Bike,5,5.0,16,21,High
615,17.53,Clear,Low,Afternoon,Bike,14,6.0,79,93,Low
616,18.46,Rainy,Low,Morning,Bike,19,9.0,94,113,Low
617,1.69,Windy,Medium,Afternoon,Car,11,7.0,20,31,High
618,5.9,Rainy,Low,Evening,Car,26,9.0,44,70,Medium
619,16.22,Rainy,High,Evening,Bike,22,0.0,102,124,Low
620,15.09,Snowy,Low,Morning,Car,20,7.0,68,88,Medium
621,4.1,Clear,Medium,Evening,Car,18,3.0,38,56,Medium
622,4.58,Clear,High,Morning,Scooter,22,9.0,45,67,Medium
623,7.72,Rainy,Medium,Morning,Bike,11,5.0,36,47,High
624,9.95,Windy,High,Evening,Scooter,21,5.0,72,93,Low
625,12.56,Clear,Low,Morning,Car,22,8.0,49,71,Medium
626,7.69,Rainy,High,Morning,Scooter,16,3.0,58,74,Medium
627,9.52,Clear,Low,Afternoon,Bike,12,1.0,49,61,Medium
628,15.08,Rainy,Medium,Evening,Scooter,26,1.0,94,120,Low
629,1.22,Clear,Medium,Evening,Scooter,6,5.0,14,20,High
630,5.42,Clear,Low,Evening,Scooter,11,9.0,26,37,High
631,14.41,Snowy,Medium,Evening,Bike,8,8.0,75,83,Medium
632,17.96,Clear,Medium,Afternoon,Bike,22,2.0,76,98,Low
633,10.48,Rainy,Low,Afternoon,Car,10,7.0,45,55,Medium
634,10.88,Snowy,Low,Afternoon,Car,13,3.0,52,65,Medium
635,2.59,Windy,Medium,Afternoon,Bike,13,5.0,28,41,High
636,9.22,Clear,Medium,Afternoon,Car,18,9.0,57,75,Medium
637,10.89,Clear,High,Night,Bike,12,5.0,53,65,Medium
638,5.23,Clear,Medium,Morning,Scooter,23,2.0,47,70,Medium
639,5.75,Windy,High,Morning,Scooter,7,4.0,37,44,High
640,7.86,Windy,Medium,Morning,Car,22,2.0,55,77,Medium
641,0.89,Rainy,Low,Morning,Car,9,0.0,20,29,High
642,6.78,Foggy,Low,Night,Bike,18,6.0,42,60,Medium
643,4.62,Rainy,Medium,Afternoon,Car,8,3.0,33,41,High
644,6.89,Rainy,Medium,Afternoon,Bike,11,6.0,43,54,High
645,2.84,Clear,Low,Evening,Scooter,24,2.0,35,59,Medium
646,17.87,Snowy,Low,Morning,Scooter,29,4.0,87,116,Low
647,12.08,Clear,High,Afternoon,Scooter,16,4.0,60,76,Medium
648,13.74,Foggy,Medium,Afternoon,Bike,6,1.0,56,62,Medium
649,15.89,Snowy,Medium,Afternoon,Car,15,9.0,91,106,Low
650,10.22,Snowy,Medium,Night,Bike,18,1.0,68,86,Medium
651,2.19,Clear,Low,Evening,Bike,26,3.0,32,58,Medium
652,10.97,Clear,Low,Afternoon,Scooter,27,3.0,51,78,Medium
653,11.94,Clear,Low,Evening,Bike,20,3.0,69,89,Medium
654,15.04,Clear,Low,Morning,Car,24,5.0,60,84,Medium
655,8.92,Clear,Medium,Evening,Bike,10,1.0,51,61,Medium
656,2.99,Windy,Medium,Morning,Bike,27,5.0,41,68,Medium
657,6.03,Rainy,High,Afternoon,Car,8,6.0,46,54,High
658,7.58,Clear,High,Afternoon,Scooter,19,9.0,57,76,Medium
659,13.1,Clear,Low,Evening,Bike,28,2.0,72,100,Low
660,11.63,Clear,Medium,Night,Scooter,29,7.0,57,86,Medium
661,7.44,Rainy,Medium,Afternoon,Scooter,5,1.0,37,42,High
662,19.74,Rainy,High,Afternoon,Scooter,11,7.0,81,92,Low
663,12.31,Windy,Low,Morning,Bike,29,4.0,68,97,Low
664,5.13,Clear,Medium,Morning,Car,16,1.0,38,54,High
665,2.48,Windy,Medium,Afternoon,Car,14,6.0,27,41,High
666,3.48,Foggy,Low,Afternoon,Scooter,9,1.0,31,40,High
667,5.3,Clear,Low,Evening,Bike,16,5.0,32,48,High
668,3.63,Windy,Medium,Morning,Car,22,9.0,39,61,Medium
669,4.14,Clear,Medium,Morning,Scooter,14,2.0,30,44,High
670,6.06,Foggy,Low,Afternoon,Scooter,10,8.0,41,51,High
671,3.88,Clear,Medium,Morning,Bike,16,2.0,35,51,High
672,17.99,Foggy,Low,Morning,Car,11,2.0,84,95,Low
673,2.06,Foggy,Medium,Evening,Scooter,22,4.0,40,62,Medium
674,10.73,Foggy,Low,Morning,Bike,6,6.0,35,41,High
675,8.5,Snowy,High,Evening,Bike,14,7.0,56,70,Medium
676,19.66,Clear,Low,Morning,Car,19,6.0,70,89,Medium
677,2.68,Clear,Low,Morning,Bike,16,8.0,25,41,High
678,8.26,Clear,Low,Afternoon,Car,21,4.0,80,101,Low
679,19.4,Clear,Low,Evening,Scooter,8,9.0,57,65,Medium
680,17.38,Rainy,Medium,Afternoon,Scooter,11,2.0,92,103,Low
681,16.43,Clear,Low,Evening,Bike,13,5.0,56,69,Medium
682,5.53,Windy,High,Morning,Bike,23,4.0,59,82,Medium
683,3.83,Rainy,Low,Evening,Car,27,3.0,49,76,Medium
684,13.54,Foggy,Low,Morning,Bike,11,1.0,54,65,Medium
685,18.62,Clear,Low,Evening,Scooter,27,6.0,75,102,Low
686,11.36,Foggy,Low,Afternoon,Bike,6,4.0,47,53,High
687,11.65,Windy,Low,Night,Bike,10,3.0,53,63,Medium
688,5.96,Clear,Medium,Afternoon,Bike,22,7.0,45,67,Medium
689,15.51,Rainy,Medium,Morning,Scooter,10,8.0,81,91,Low
690,4.15,Foggy,Medium,Morning,Car,17,8.0,46,63,Medium
691,6.81,Clear,Medium,Evening,Bike,23,2.0,47,70,Medium
692,8.8,Rainy,Medium,Afternoon,Bike,6,2.0,38,44,High
693,10.4,Clear,Low,Evening,Bike,16,4.0,52,68,Medium
694,5.23,Clear,Medium,Morning,Scooter,19,4.0,37,56,Medium
695,2.74,Clear,High,Afternoon,Bike,18,9.0,37,55,Medium
696,12.41,Clear,Medium,Morning,Car,10,1.0,51,61,Medium
697,6.13,Clear,Medium,Night,Scooter,22,0.0,48,70,Medium
698,11.83,Clear,Low,Evening,Scooter,9,7.0,32,41,High
699,3.51,Windy,Medium,Night,Bike,22,2.0,44,66,Medium
700,9.88,Rainy,Medium,Morning,Car,7,0.0,43,50,High
701,10.89,Windy,Medium,Evening,Bike,7,0.0,58,65,Medium
702,1.51,Clear,High,Evening,Bike,26,1.0,44,70,Medium
703,7.06,Clear,Low,Afternoon,Scooter,26,5.0,51,77,Medium
704,3.12,Rainy,Low,Evening,Scooter,14,5.0,28,42,High
705,1.74,Clear,Medium,Night,Bike,23,2.0,34,57,Medium
706,19.8,Clear,High,Evening,Bike,7,3.0,88,95,Low
707,6.79,Rainy,Low,Evening,Scooter,16,1.0,39,55,Medium
708,16.29,Clear,Low,Morning,Bike,20,1.0,72,92,Low
709,5.47,Rainy,Low,Morning,Car,21,6.0,38,59,Medium
710,13.79,Rainy,Low,Night,Scooter,11,0.0,69,80,Medium
711,15.32,Clear,Medium,Morning,Bike,17,6.0,80,97,Low
712,12.11,Clear,Medium,Evening,Bike,28,0.0,75,103,Low
713,9.7,Snowy,Low,Evening,Bike,6,5.0,45,51,High
714,8.53,Clear,Low,Evening,Scooter,8,2.0,41,49,High
715,7.3,Clear,Low,Night,Scooter,14,7.0,28,42,High
716,18.63,Windy,Low,Afternoon,Bike,11,5.0,85,96,Low
717,16.7,Clear,Medium,Afternoon,Scooter,28,1.0,76,104,Low
718,19.32,Rainy,High,Morning,Car,21,7.0,112,133,Low
719,2.92,Windy,High,Afternoon,Bike,24,4.0,48,72,Medium
720,14.75,Clear,Low,Morning,Car,10,7.0,62,72,Medium
721,18.8,Clear,High,Afternoon,Bike,23,7.0,95,118,Low
722,4.03,Clear,Medium,Evening,Bike,9,5.0,25,34,High
723,1.8,Clear,Medium,Night,Bike,14,1.0,28,42,High
724,14.95,Clear,Medium,Morning,Bike,13,7.0,49,62,Medium
725,11.7,Rainy,Low,Afternoon,Bike,17,5.0,60,77,Medium
726,16.92,Clear,Low,Night,Bike,23,5.0,78,101,Low
727,3.23,Rainy,Low,Morning,Car,25,7.0,42,67,Medium
728,16.01,Windy,Low,Morning,Car,28,0.0,84,112,Low
729,4.43,Foggy,Low,Morning,Scooter,10,1.0,63,73,Medium
730,3.69,Rainy,Medium,Afternoon,Bike,8,8.0,27,35,High
731,3.7,Clear,Medium,Morning,Bike,28,7.0,45,73,Medium
732,16.38,Rainy,Medium,Night,Bike,7,5.0,90,97,Low
733,13.47,Rainy,Low,Afternoon,Scooter,7,6.0,46,53,High
734,10.7,Clear,High,Afternoon,Car,8,4.0,57,65,Medium
735,7.5,Clear,High,Morning,Bike,29,1.0,66,95,Low
736,17.61,Foggy,Medium,Afternoon,Bike,9,5.0,74,83,Medium
737,8.15,Clear,High,Evening,Scooter,12,9.0,43,55,Medium
738,16.42,Clear,Medium,Evening,Bike,20,2.0,84,104,Low
739,9.06,Clear,High,Evening,Bike,26,3.0,61,87,Medium
740,7.85,Clear,Low,Afternoon,Scooter,7,9.0,34,41,High
741,9.52,Foggy,Low,Night,Scooter,28,1.0,59,87,Medium
742,6.38,Snowy,Low,Evening,Bike,16,1.0,111,127,Low
743,15.08,Snowy,Low,Evening,Bike,29,7.0,84,113,Low
744,10.3,Clear,Low,Morning,Car,12,7.0,41,53,High
745,5.03,Clear,Medium,Morning,Bike,17,5.0,38,55,Medium
746,18.04,Clear,Medium,Morning,Bike,8,5.0,71,79,Medium
747,7.99,Clear,Medium,Evening,Bike,18,4.0,42,60,Medium
748,11.1,Clear,Low,Afternoon,Bike,18,7.0,56,74,Medium
749,18.18,Snowy,High,Evening,Bike,17,3.0,85,102,Low
750,12.67,Clear,Medium,Evening,Car,10,3.0,65,75,Medium
751,2.78,Rainy,Low,Morning,Bike,21,4.0,37,58,Medium
752,18.83,Windy,Medium,Night,Bike,8,0.0,68,76,Medium
753,12.74,Clear,Low,Afternoon,Scooter,12,0.0,63,75,Medium
754,7.03,Clear,Low,Evening,Scooter,21,1.0,44,65,Medium
755,3.22,Windy,High,Morning,Car,7,7.0,27,34,High
756,15.98,Foggy,Low,Morning,Car,21,6.0,90,111,Low
757,12.59,Windy,Medium,Morning,Bike,13,9.0,62,75,Medium
758,10.9,Clear,High,Afternoon,Scooter,6,8.0,47,53,High
759,17.93,Clear,Medium,Afternoon,Bike,29,4.0,85,114,Low
760,15.88,Rainy,Low,Evening,Car,17,1.0,68,85,Medium
761,3.46,Clear,Low,Morning,Bike,24,6.0,37,61,Medium
762,6.58,Foggy,Low,Evening,Car,6,7.0,27,33,High
763,5.35,Clear,Medium,Afternoon,Scooter,24,6.0,43,67,Medium
764,15.01,Clear,Medium,Morning,Bike,15,6.0,64,79,Medium
765,1.15,Clear,Low,Afternoon,Scooter,26,4.0,30,56,Medium
766,11.61,Clear,High,Morning,Car,19,1.0,67,86,Medium
767,15.37,Snowy,Medium,Afternoon,Car,15,5.0,66,81,Medium
768,17.6,Clear,Low,Afternoon,Bike,27,3.0,69,96,Low
769,7.17,Clear,Medium,Morning,Scooter,7,9.0,29,36,High
770,16.51,Clear,Medium,Morning,Bike,7,1.0,79,86,Medium
771,2.66,Clear,Low,Afternoon,Bike,16,8.0,21,37,High
772,17.01,Snowy,Low,Night,Bike,28,6.0,97,125,Low
773,2.99,Foggy,High,Afternoon,Bike,9,5.0,90,99,Low
774,8.25,Windy,Medium,Evening,Car,24,4.0,62,86,Medium
775,16.05,Snowy,Medium,Evening,Bike,11,2.0,89,100,Low
776,3.42,Clear,Medium,Night,Car,11,9.0,24,35,High
777,4.97,Rainy,Low,Evening,Bike,17,9.0,34,51,High
778,14.58,Clear,Low,Afternoon,Bike,13,5.0,57,70,Medium
779,14.54,Clear,Medium,Evening,Bike,29,2.0,73,102,Low
780,13.0,Foggy,Low,Evening,Bike,25,7.0,77,102,Low
781,14.03,Clear,Low,Afternoon,Bike,17,2.0,65,82,Medium
782,11.08,Windy,High,Afternoon,Bike,16,6.0,70,86,Medium
783,5.41,Clear,High,Morning,Scooter,17,6.0,38,55,Medium
784,7.24,Rainy,Medium,Evening,Bike,28,6.0,65,93,Low
785,4.04,Rainy,High,Evening,Bike,14,6.0,39,53,High
786,18.21,Foggy,Low,Morning,Bike,5,1.0,70,75,Medium
787,11.88,Rainy,High,Afternoon,Car,29,9.0,78,107,Low
788,8.32,Rainy,Low,Afternoon,Car,12,2.0,49,61,Medium
789,9.51,Clear,High,Morning,Bike,26,9.0,63,89,Medium
790,18.97,Rainy,High,Night,Bike,20,8.0,108,128,Low
791,3.49,Clear,Medium,Morning,Bike,17,2.0,38,55,Medium
792,11.93,Snowy,High,Morning,Car,7,1.0,75,82,Medium
793,10.36,Rainy,Medium,Afternoon,Bike,7,8.0,39,46,High
794,12.42,Rainy,Low,Evening,Bike,28,9.0,79,107,Low
795,0.85,Clear,Medium,Morning,Bike,9,8.0,17,26,High
796,17.51,Clear,Medium,Evening,Bike,15,3.0,60,75,Medium
797,18.68,Snowy,Low,Afternoon,Bike,11,8.0,62,73,Medium
798,11.52,Clear,Medium,Morning,Scooter,25,2.0,58,83,Medium
799,14.08,Clear,High,Morning,Bike,28,6.0,66,94,Low
800,18.49,Clear,Low,Afternoon,Scooter,14,6.0,71,85,Medium
801,14.29,Windy,Medium,Morning,Bike,14,7.0,78,92,Low
802,3.47,Snowy,High,Night,Bike,24,9.0,53,77,Medium
803,11.74,Clear,High,Evening,Car,6,3.0,54,60,Medium
804,12.33,Clear,High,Night,Bike,7,2.0,101,108,Low
805,8.77,Clear,Medium,Morning,Car,12,2.0,42,54,High
806,14.86,Rainy,High,Night,Scooter,15,4.0,91,106,Low
807,18.72,Rainy,Medium,Afternoon,Bike,17,0.0,89,106,Low
808,18.55,Clear,Low,Afternoon,Car,11,9.0,69,80,Medium
809,9.29,Clear,Medium,Morning,Bike,17,2.0,49,66,Medium
810,2.71,Clear,Medium,Morning,Car,6,5.0,19,25,High
811,19.7,Rainy,Low,Evening,Bike,10,2.0,60,70,Medium
812,16.86,Snowy,Medium,Afternoon,Car,13,4.0,88,101,Low
813,2.93,Clear,Medium,Morning,Bike,24,8.0,94,118,Low
815,17.46,Clear,Medium,Morning,Scooter,6,5.0,62,68,Medium
816,10.62,Windy,Medium,Afternoon,Car,22,5.0,54,76,Medium
817,12.03,Clear,Medium,Evening,Car,20,5.0,65,85,Medium
818,8.28,Snowy,Low,Evening,Car,29,7.0,58,87,Medium
819,1.57,Rainy,Low,Evening,Car,16,1.0,30,46,High
820,7.04,Clear,Low,Afternoon,Bike,11,8.0,38,49,High
821,16.16,Clear,High,Afternoon,Bike,11,1.0,82,93,Low
822,0.59,Clear,Low,Afternoon,Bike,21,0.0,27,48,High
823,7.0,Rainy,Medium,Evening,Bike,17,9.0,49,66,Medium
824,8.26,Snowy,Low,Afternoon,Bike,15,1.0,57,72,Medium
825,10.98,Rainy,Low,Morning,Scooter,10,6.0,55,65,Medium
826,18.44,Rainy,High,Morning,Bike,27,7.0,80,107,Low
827,7.25,Clear,Medium,Afternoon,Scooter,18,4.0,45,63,Medium
828,7.27,Windy,Low,Afternoon,Bike,10,5.0,35,45,High
829,14.88,Snowy,Medium,Evening,Bike,10,0.0,64,74,Medium
830,9.32,Clear,Low,Morning,Scooter,6,5.0,30,36,High
831,4.88,Windy,Medium,Afternoon,Scooter,26,7.0,48,74,Medium
832,9.32,Rainy,Medium,Evening,Scooter,24,2.0,71,95,Low
833,3.25,Rainy,Medium,Evening,Scooter,29,0.0,51,80,Medium
834,3.94,Snowy,Low,Afternoon,Bike,19,3.0,43,62,Medium
835,10.22,Foggy,Low,Afternoon,Scooter,21,0.0,61,82,Medium
836,8.67,Rainy,High,Afternoon,Bike,12,7.0,104,116,Low
837,18.34,Clear,High,Night,Bike,9,4.0,92,101,Low
838,7.57,Clear,Low,Morning,Bike,21,0.0,56,77,Medium
839,11.82,Windy,Medium,Night,Bike,24,7.0,77,101,Low
840,12.83,Clear,Low,Evening,Bike,5,8.0,50,55,Medium
841,0.76,Clear,Low,Afternoon,Car,26,9.0,28,54,High
842,13.44,Clear,Medium,Morning,Car,22,1.0,79,101,Low
843,3.97,Clear,High,Afternoon,Bike,19,8.0,40,59,Medium
844,19.24,Rainy,High,Afternoon,Bike,9,7.0,75,84,Medium
845,3.4,Windy,Medium,Morning,Bike,11,6.0,30,41,High
846,8.59,Clear,Low,Evening,Bike,22,2.0,43,65,Medium
847,2.16,Clear,Medium,Night,Car,10,1.0,23,33,High
848,19.94,Clear,Low,Afternoon,Bike,26,6.0,83,109,Low
849,10.29,Foggy,Medium,Evening,Scooter,25,4.0,67,92,Low
850,12.11,Rainy,Low,Morning,Bike,9,5.0,59,68,Medium
851,1.81,Clear,Medium,Afternoon,Car,23,3.0,34,57,Medium
852,15.12,Foggy,Low,Morning,Bike,14,1.0,58,72,Medium
853,4.59,Foggy,Low,Evening,Scooter,19,8.0,36,55,Medium
854,18.01,Foggy,High,Night,Bike,14,2.0,71,85,Medium
855,4.5,Windy,Low,Evening,Scooter,20,6.0,32,52,High
856,4.22,Clear,Medium,Morning,Bike,16,7.0,35,51,High
857,1.21,Snowy,Low,Afternoon,Bike,22,1.0,39,61,Medium
858,9.71,Clear,Low,Afternoon,Car,27,5.0,61,88,Medium
859,11.51,Foggy,Low,Afternoon,Car,5,7.0,57,62,Medium
860,1.78,Snowy,Low,Evening,Car,20,6.0,35,55,Medium
861,15.62,Snowy,High,Evening,Scooter,26,2.0,81,107,Low
862,9.34,Rainy,Low,Evening,Car,10,0.0,40,50,High
863,10.73,Clear,High,Afternoon,Bike,7,5.0,57,64,Medium
864,9.09,Rainy,Medium,Morning,Bike,6,7.0,43,49,High
865,8.31,Windy,Medium,Morning,Bike,6,5.0,44,50,High
866,11.41,Windy,Medium,Afternoon,Scooter,17,4.0,68,85,Medium
867,3.53,Clear,Medium,Afternoon,Bike,13,7.0,31,44,High
868,4.05,Clear,Medium,Evening,Bike,20,5.0,44,64,Medium
869,17.3,Clear,Low,Evening,Scooter,9,0.0,67,76,Medium
870,18.95,Snowy,Low,Morning,Car,27,0.0,92,119,Low
871,7.78,Foggy,High,Afternoon,Bike,25,3.0,74,99,Low
872,5.78,Clear,High,Morning,Bike,11,5.0,38,49,High
873,13.06,Rainy,High,Morning,Bike,17,8.0,59,76,Medium
874,8.47,Foggy,Medium,Evening,Bike,24,0.0,68,92,Low
875,1.0,Snowy,Medium,Morning,Bike,28,0.0,51,79,Medium
876,3.54,Rainy,Medium,Afternoon,Scooter,17,4.0,41,58,Medium
877,14.46,Rainy,Medium,Morning,Scooter,11,9.0,68,79,Medium
878,13.35,Rainy,Low,Evening,Scooter,14,4.0,91,105,Low
879,1.03,Clear,Medium,Afternoon,Bike,19,4.0,29,48,High
880,4.83,Rainy,Low,Morning,Car,25,9.0,47,72,Medium
881,5.01,Rainy,Low,Afternoon,Bike,10,5.0,31,41,High
882,13.6,Foggy,High,Evening,Bike,9,7.0,61,70,Medium
883,0.88,Rainy,Low,Night,Car,27,2.0,37,64,Medium
884,2.53,Snowy,Low,Morning,Bike,6,8.0,24,30,High
885,16.1,Clear,Low,Evening,Bike,25,0.0,64,89,Medium
886,3.98,Clear,High,Night,Car,19,3.0,41,60,Medium
887,13.23,Clear,Medium,Night,Bike,20,8.0,70,90,Low
888,5.14,Clear,Medium,Evening,Scooter,23,7.0,43,66,Medium
889,2.44,Snowy,High,Evening,Bike,13,9.0,39,52,High
890,5.24,Windy,High,Afternoon,Scooter,26,8.0,51,77,Medium
891,14.58,Clear,Low,Evening,Bike,23,0.0,70,93,Low
892,17.19,Clear,Medium,Afternoon,Bike,11,8.0,76,87,Medium
893,16.69,Foggy,Medium,Evening,Scooter,8,2.0,65,73,Medium
894,8.25,Clear,Medium,Afternoon,Bike,7,9.0,28,35,High
895,13.53,Rainy,Low,Evening,Bike,28,8.0,78,106,Low
896,4.5,Snowy,High,Evening,Bike,24,0.0,66,90,Low
897,6.22,Rainy,Medium,Morning,Bike,15,0.0,49,64,Medium
898,17.98,Clear,Low,Evening,Bike,5,8.0,45,50,High
899,0.75,Clear,Medium,Afternoon,Bike,10,5.0,16,26,High
900,2.17,Snowy,Low,Evening,Car,15,3.0,35,50,High
901,4.55,Rainy,Low,Afternoon,Bike,5,6.0,21,26,High
902,1.02,Clear,Medium,Afternoon,Bike,25,4.0,34,59,Medium
903,4.04,Snowy,Low,Night,Bike,11,9.0,70,81,Medium
904,11.87,Clear,Medium,Morning,Bike,10,6.0,43,53,High
905,8.72,Snowy,Medium,Evening,Car,18,7.0,64,82,Medium
906,17.91,Clear,Low,Afternoon,Bike,6,7.0,68,74,Medium
907,16.44,Windy,High,Afternoon,Car,8,0.0,80,88,Medium
908,7.17,Clear,Low,Afternoon,Bike,15,7.0,32,47,High
909,5.56,Clear,Low,Afternoon,Scooter,19,5.0,31,50,High
910,7.9,Clear,Low,Afternoon,Scooter,22,5.0,48,70,Medium
911,12.01,Clear,Low,Morning,Car,5,7.0,42,47,High
912,5.73,Foggy,Low,Morning,Scooter,7,2.0,30,37,High
913,12.67,Windy,Medium,Morning,Scooter,7,3.0,43,50,High
914,8.48,Clear,High,Night,Bike,11,5.0,39,50,High
915,11.26,Clear,Low,Night,Bike,5,6.0,49,54,High
916,9.0,Snowy,Medium,Afternoon,Car,29,3.0,78,107,Low
917,6.24,Clear,Medium,Evening,Bike,15,3.0,52,67,Medium
918,18.99,Rainy,High,Afternoon,Bike,10,6.0,70,80,Medium
919,15.39,Clear,Medium,Evening,Scooter,24,5.0,89,113,Low
920,3.23,Clear,Low,Morning,Bike,7,7.0,14,21,High
921,17.44,Clear,Low,Night,Car,23,0.0,85,108,Low
922,10.0,Clear,Medium,Afternoon,Scooter,6,9.0,47,53,High
923,17.94,Rainy,High,Evening,Scooter,22,6.0,85,107,Low
924,16.1,Clear,Low,Morning,Car,16,6.0,61,77,Medium
925,8.79,Snowy,Low,Night,Bike,14,6.0,43,57,Medium
926,0.94,Clear,High,Morning,Bike,9,6.0,21,30,High
927,5.74,Rainy,High,Evening,Bike,13,9.0,46,59,Medium
928,11.06,Clear,High,Evening,Bike,6,9.0,53,59,Medium
929,12.85,Rainy,Medium,Evening,Scooter,6,7.0,61,67,Medium
930,5.53,Clear,Low,Morning,Car,10,8.0,27,37,High
931,3.22,Rainy,Medium,Night,Bike,14,8.0,34,48,High
932,16.78,Rainy,Medium,Morning,Bike,22,1.0,70,92,Low
933,19.7,Rainy,Low,Evening,Car,16,6.0,66,82,Medium
934,10.75,Rainy,Medium,Morning,Bike,8,6.0,60,68,Medium
935,3.85,Rainy,Medium,Afternoon,Bike,26,3.0,46,72,Medium
936,5.81,Foggy,Low,Afternoon,Bike,25,8.0,51,76,Medium
937,0.86,Clear,Medium,Afternoon,Car,21,7.0,28,49,High
938,18.33,Foggy,Medium,Morning,Scooter,19,0.0,98,117,Low
939,2.8,Clear,High,Morning,Scooter,10,5.0,33,43,High
940,11.74,Clear,Low,Afternoon,Car,20,1.0,52,72,Medium
941,5.84,Clear,Low,Evening,Bike,21,7.0,35,56,Medium
942,11.31,Clear,Medium,Evening,Bike,7,0.0,54,61,Medium
943,13.2,Snowy,Low,Morning,Car,14,3.0,62,76,Medium
944,16.68,Foggy,Medium,Afternoon,Bike,9,9.0,63,72,Medium
945,4.53,Snowy,Medium,Morning,Scooter,18,4.0,49,67,Medium
946,0.71,Rainy,Low,Morning,Car,25,8.0,31,56,Medium
947,3.17,Clear,Medium,Evening,Scooter,17,6.0,33,50,High
948,18.05,Clear,Medium,Evening,Scooter,10,7.0,123,133,Low
949,17.54,Clear,Medium,Morning,Car,16,8.0,54,70,Medium
950,12.15,Clear,High,Morning,Car,12,6.0,63,75,Medium
951,12.21,Clear,High,Morning,Bike,9,4.0,57,66,Medium
952,13.47,Clear,Medium,Evening,Bike,19,4.0,59,78,Medium
953,3.92,Rainy,Medium,Night,Bike,20,9.0,41,61,Medium
954,18.33,Snowy,Medium,Morning,Scooter,5,5.0,67,72,Medium
955,8.67,Windy,High,Morning,Bike,20,4.0,55,75,Medium
956,7.97,Windy,Medium,Evening,Scooter,9,8.0,35,44,High
957,10.62,Rainy,Medium,Night,Bike,7,2.0,48,55,Medium
958,1.42,Clear,High,Afternoon,Scooter,24,2.0,40,64,Medium
959,3.74,Rainy,Low,Morning,Bike,19,6.0,36,55,Medium
960,14.89,Snowy,High,Morning,Scooter,17,6.0,87,104,Low
961,2.11,Clear,Low,Afternoon,Scooter,28,5.0,34,62,Medium
962,12.26,Clear,Low,Afternoon,Bike,20,2.0,66,86,Medium
963,5.28,Foggy,Low,Morning,Bike,27,6.0,53,80,Medium
964,8.09,Clear,High,Afternoon,Scooter,15,4.0,51,66,Medium
965,6.13,Rainy,High,Morning,Bike,25,6.0,59,84,Medium
966,7.44,Rainy,Medium,Evening,Bike,6,1.0,39,45,High
967,14.52,Clear,Medium,Afternoon,Car,26,5.0,86,112,Low
968,6.29,Clear,Medium,Morning,Scooter,10,7.0,27,37,High
969,11.54,Clear,High,Afternoon,Car,10,0.0,56,66,Medium
970,9.78,Clear,Medium,Afternoon,Bike,18,3.0,58,76,Medium
971,13.44,Clear,Low,Night,Bike,29,0.0,63,92,Low
972,18.77,Foggy,Low,Afternoon,Car,15,5.0,71,86,Medium
973,14.79,Clear,Medium,Morning,Scooter,12,9.0,64,76,Medium
974,4.69,Rainy,Medium,Evening,Scooter,12,7.0,36,48,High
975,1.11,Clear,Low,Morning,Bike,5,6.0,8,13,High
976,5.61,Windy,Low,Night,Bike,25,9.0,48,73,Medium
977,12.1,Clear,High,Afternoon,Bike,11,0.0,53,64,Medium
978,1.5,Clear,Low,Afternoon,Bike,10,1.0,17,27,High
979,10.18,Foggy,Medium,Morning,Bike,25,3.0,73,98,Low
980,12.14,Foggy,High,Afternoon,Bike,12,0.0,65,77,Medium
981,7.02,Clear,Medium,Evening,Car,23,2.0,53,76,Medium
982,15.53,Foggy,Low,Evening,Bike,26,7.0,68,94,Low
983,2.58,Clear,Medium,Morning,Scooter,25,7.0,37,62,Medium
984,1.97,Clear,High,Morning,Car,28,7.0,43,71,Medium
985,14.7,Clear,Medium,Evening,Scooter,24,5.0,75,99,Low
986,10.16,Clear,High,Night,Bike,12,5.0,52,64,Medium
987,13.92,Snowy,Low,Morning,Scooter,18,4.0,70,88,Medium
988,8.98,Clear,Medium,Afternoon,Scooter,22,8.0,105,127,Low
989,5.3,Clear,Medium,Afternoon,Scooter,29,3.0,47,76,Medium
990,16.47,Snowy,High,Evening,Scooter,20,9.0,75,95,Low
991,16.09,Snowy,Low,Morning,Car,13,6.0,69,82,Medium
992,14.05,Clear,High,Morning,Scooter,19,0.0,72,91,Low
993,5.81,Rainy,Medium,Evening,Bike,14,8.0,41,55,Medium
994,12.01,Clear,Low,Morning,Scooter,26,6.0,57,83,Medium
995,7.54,Snowy,Low,Afternoon,Bike,20,5.0,55,75,Medium
996,2.29,Rainy,High,Afternoon,Car,8,8.0,80,88,Medium
997,18.39,Windy,Low,Afternoon,Bike,24,6.0,74,98,Low
998,3.17,Clear,Low,Afternoon,Bike,17,1.0,28,45,High
999,19.03,Clear,Low,Afternoon,Car,26,5.0,68,94,Low
1000,9.2,Clear,High,Morning,Scooter,9,9.0,48,57,Medium
